{
  "random_missing": {
    "0.0": {
      "lstm": 3.715510606765747,
      "stgcn": 3.662179708480835,
      "dcrnn": 3.542581796646118
    },
    "0.1": {
      "lstm": 4.00866174697876,
      "stgcn": 3.7627203464508057,
      "dcrnn": 3.817366361618042
    },
    "0.2": {
      "lstm": 4.288597583770752,
      "stgcn": 3.938847064971924,
      "dcrnn": 4.088899612426758
    },
    "0.3": {
      "lstm": 4.5703301429748535,
      "stgcn": 4.161962509155273,
      "dcrnn": 4.370489120483398
    },
    "0.4": {
      "lstm": 4.861550331115723,
      "stgcn": 4.432337760925293,
      "dcrnn": 4.659502029418945
    }
  },
  "sensor_failure": {
    "0.0": {
      "lstm": 3.715510606765747,
      "stgcn": 3.662179708480835,
      "dcrnn": 3.542581796646118
    },
    "0.1": {
      "lstm": 4.0260162353515625,
      "stgcn": 3.8393092155456543,
      "dcrnn": 3.8377668857574463
    },
    "0.2": {
      "lstm": 4.355085849761963,
      "stgcn": 4.193400859832764,
      "dcrnn": 4.163665294647217
    },
    "0.3": {
      "lstm": 4.515928745269775,
      "stgcn": 4.4123616218566895,
      "dcrnn": 4.33371114730835
    },
    "0.4": {
      "lstm": 4.966460704803467,
      "stgcn": 4.719073295593262,
      "dcrnn": 4.810969352722168
    }
  }
}