{
  "Persistence": {
    "overall": {
      "MAE": 3.8560123443603516,
      "RMSE": 7.806063175201416,
      "MAPE": 9.943556785583496
    },
    "15min": {
      "MAE": 3.1613054275512695,
      "RMSE": 6.1459879875183105,
      "MAPE": 7.793586730957031
    },
    "30min": {
      "MAE": 3.830615282058716,
      "RMSE": 7.696529865264893,
      "MAPE": 9.888360023498535
    },
    "60min": {
      "MAE": 4.904682159423828,
      "RMSE": 9.80919361114502,
      "MAPE": 13.154947280883789
    }
  },
  "HistoricalAverage": {
    "overall": {
      "MAE": 5.120357035191782,
      "RMSE": 8.776989656148068,
      "MAPE": 15.925816070386098
    },
    "15min": {
      "MAE": 5.120342798753406,
      "RMSE": 8.777060427115378,
      "MAPE": 15.926535757879975
    },
    "30min": {
      "MAE": 5.12042034547696,
      "RMSE": 8.77715449754571,
      "MAPE": 15.926621631757143
    },
    "60min": {
      "MAE": 5.120222039608704,
      "RMSE": 8.776561113319291,
      "MAPE": 15.923180948058649
    }
  },
  "ARIMA": {
    "overall": {
      "MAE": 3.989551675667547,
      "RMSE": 8.125948835476201,
      "MAPE": 10.376877788372235
    },
    "15min": {
      "MAE": 3.3239833699774914,
      "RMSE": 6.614216143192069,
      "MAPE": 8.357583173419563
    },
    "30min": {
      "MAE": 3.947153495832254,
      "RMSE": 7.982823418604298,
      "MAPE": 10.270062133289874
    },
    "60min": {
      "MAE": 5.009004847896373,
      "RMSE": 10.036712514974909,
      "MAPE": 13.449443925658795
    }
  },
  "RandomForest": {
    "overall": {
      "MAE": 3.7581834351015524,
      "RMSE": 7.142063232029949,
      "MAPE": 10.801941999422091
    },
    "15min": {
      "MAE": 3.04854028570855,
      "RMSE": 5.849926361356953,
      "MAPE": 8.227477676233262
    },
    "30min": {
      "MAE": 3.7531303922711947,
      "RMSE": 7.125926934204742,
      "MAPE": 10.791826478675219
    },
    "60min": {
      "MAE": 4.7978984230157184,
      "RMSE": 8.697125459108136,
      "MAPE": 14.560516081467922
    }
  },
  "LSTM": {
    "overall": {
      "MAE": 3.7064883708953857,
      "RMSE": 7.0269036293029785,
      "MAPE": 10.657780647277832
    },
    "15min": {
      "MAE": 2.988048553466797,
      "RMSE": 5.692203998565674,
      "MAPE": 8.059657096862793
    },
    "30min": {
      "MAE": 3.6844658851623535,
      "RMSE": 7.010652542114258,
      "MAPE": 10.607318878173828
    },
    "60min": {
      "MAE": 4.75942850112915,
      "RMSE": 8.595927238464355,
      "MAPE": 14.417598724365234
    }
  }
}