{
  "DCRNN": {
    "overall": {
      "MAE": 3.61616587638855,
      "RMSE": 7.012164115905762,
      "MAPE": 10.246834754943848
    },
    "15min": {
      "MAE": 2.9404990673065186,
      "RMSE": 5.6740851402282715,
      "MAPE": 7.841046333312988
    },
    "30min": {
      "MAE": 3.6043384075164795,
      "RMSE": 7.000212669372559,
      "MAPE": 10.208580017089844
    },
    "60min": {
      "MAE": 4.618080139160156,
      "RMSE": 8.586776733398438,
      "MAPE": 13.762805938720703
    }
  }
}