{
  "ARIMA": {
    "overall": {
      "MAE": 3.9207668590529137,
      "RMSE": 7.861922880724621,
      "MAPE": 10.332592285498889
    },
    "15min": {
      "MAE": 3.2882816997368765,
      "RMSE": 6.458654789234431,
      "MAPE": 8.316830265145393
    },
    "30min": {
      "MAE": 3.8797795195437974,
      "RMSE": 7.73435367178025,
      "MAPE": 10.226862528983267
    },
    "60min": {
      "MAE": 4.887758725726962,
      "RMSE": 9.63736331431378,
      "MAPE": 13.384624276133689
    }
  },
  "RandomForest": {
    "overall": {
      "MAE": 3.744486688787267,
      "RMSE": 7.131009377607793,
      "MAPE": 10.814249945928545
    },
    "15min": {
      "MAE": 3.046576998346187,
      "RMSE": 5.827068512619006,
      "MAPE": 8.314942811344478
    },
    "30min": {
      "MAE": 3.7479447168661046,
      "RMSE": 7.128304298094466,
      "MAPE": 10.828136354628004
    },
    "60min": {
      "MAE": 4.762147356615475,
      "RMSE": 8.677651307876735,
      "MAPE": 14.468196108237406
    }
  },
  "LSTM": {
    "overall": {
      "MAE": 3.943965196609497,
      "RMSE": 6.9290056228637695,
      "MAPE": 11.060900688171387
    },
    "15min": {
      "MAE": 3.843306064605713,
      "RMSE": 6.736783027648926,
      "MAPE": 10.732192993164062
    },
    "30min": {
      "MAE": 3.909651517868042,
      "RMSE": 6.87412166595459,
      "MAPE": 10.899253845214844
    },
    "60min": {
      "MAE": 4.136988162994385,
      "RMSE": 7.260445594787598,
      "MAPE": 11.723104476928711
    }
  }
}