{
  "STGCN": {
    "overall": {
      "MAE": 3.6339824199676514,
      "RMSE": 6.291199684143066,
      "MAPE": 9.747137069702148
    },
    "15min": {
      "MAE": 3.213717460632324,
      "RMSE": 5.457020282745361,
      "MAPE": 8.28921890258789
    },
    "30min": {
      "MAE": 3.6050052642822266,
      "RMSE": 6.249415874481201,
      "MAPE": 9.669180870056152
    },
    "60min": {
      "MAE": 4.2417755126953125,
      "RMSE": 7.33054780960083,
      "MAPE": 11.900856971740723
    }
  }
}