{
  "random_missing": {
    "0.0": {
      "Persistence": 3.8560123443603516,
      "HistoricalAverage": 5.120357035191782,
      "ARIMA": 3.9142097387602774,
      "RandomForest": 3.7581834351015524,
      "LSTM": 3.7212018966674805,
      "STGCN": 3.6622118949890137,
      "DCRNN": 3.542581796646118
    },
    "0.1": {
      "Persistence": 4.132405757904053,
      "HistoricalAverage": 5.120357035191782,
      "ARIMA": 4.173374702893576,
      "RandomForest": 4.03417871304369,
      "LSTM": 4.019842624664307,
      "STGCN": 3.7626218795776367,
      "DCRNN": 3.817366361618042
    },
    "0.2": {
      "Persistence": 4.410181999206543,
      "HistoricalAverage": 5.120357035191782,
      "ARIMA": 4.443557833169319,
      "RandomForest": 4.3177501267195915,
      "LSTM": 4.3031392097473145,
      "STGCN": 3.938666582107544,
      "DCRNN": 4.088899612426758
    },
    "0.3": {
      "Persistence": 4.695064544677734,
      "HistoricalAverage": 5.120357035191782,
      "ARIMA": 4.7191992197098935,
      "RandomForest": 4.6074247880188715,
      "LSTM": 4.587361812591553,
      "STGCN": 4.161741733551025,
      "DCRNN": 4.370489120483398
    },
    "0.4": {
      "Persistence": 4.975301265716553,
      "HistoricalAverage": 5.120357035191782,
      "ARIMA": 4.985405918392857,
      "RandomForest": 4.902592164227884,
      "LSTM": 4.880466938018799,
      "STGCN": 4.4321136474609375,
      "DCRNN": 4.659502029418945
    }
  },
  "sensor_failure": {
    "0.0": {
      "Persistence": 3.8560123443603516,
      "HistoricalAverage": 5.120357035191782,
      "ARIMA": 3.9142097387602774,
      "RandomForest": 3.7581834351015524,
      "LSTM": 3.7212018966674805,
      "STGCN": 3.6622118949890137,
      "DCRNN": 3.542581796646118
    },
    "0.1": {
      "Persistence": 4.1450114250183105,
      "HistoricalAverage": 5.120357035191782,
      "ARIMA": 4.203591940245292,
      "RandomForest": 4.05604376076577,
      "LSTM": 4.028030872344971,
      "STGCN": 3.839289426803589,
      "DCRNN": 3.8377668857574463
    },
    "0.2": {
      "Persistence": 4.449300765991211,
      "HistoricalAverage": 5.120357035191782,
      "ARIMA": 4.492072083476067,
      "RandomForest": 4.3740434060101165,
      "LSTM": 4.354711532592773,
      "STGCN": 4.193269729614258,
      "DCRNN": 4.163665294647217
    },
    "0.3": {
      "Persistence": 4.566450595855713,
      "HistoricalAverage": 5.120357035191782,
      "ARIMA": 4.610311167344169,
      "RandomForest": 4.522326159862369,
      "LSTM": 4.512965202331543,
      "STGCN": 4.412156581878662,
      "DCRNN": 4.33371114730835
    },
    "0.4": {
      "Persistence": 5.016686916351318,
      "HistoricalAverage": 5.120357035191782,
      "ARIMA": 5.0426120469426685,
      "RandomForest": 4.961063564401041,
      "LSTM": 4.96056604385376,
      "STGCN": 4.718925952911377,
      "DCRNN": 4.810969352722168
    }
  }
}