{
  "DCRNN": {
    "overall": {
      "MAE": 3.531635284423828,
      "RMSE": 6.584173202514648,
      "MAPE": 9.924198150634766
    },
    "15min": {
      "MAE": 2.942513942718506,
      "RMSE": 5.522188186645508,
      "MAPE": 7.926034927368164
    },
    "30min": {
      "MAE": 3.5549604892730713,
      "RMSE": 6.6330766677856445,
      "MAPE": 10.02328109741211
    },
    "60min": {
      "MAE": 4.374170780181885,
      "RMSE": 7.837604999542236,
      "MAPE": 12.775686264038086
    }
  }
}