{
  "STGCN": {
    "overall": {
      "MAE": 2.2936630249023438,
      "RMSE": 4.222578525543213,
      "MAPE": 5.125990867614746
    },
    "15min": {
      "MAE": 2.0757052898406982,
      "RMSE": 3.636416435241699,
      "MAPE": 4.449347496032715
    },
    "30min": {
      "MAE": 2.300053596496582,
      "RMSE": 4.218259334564209,
      "MAPE": 5.132178783416748
    },
    "60min": {
      "MAE": 2.5920403003692627,
      "RMSE": 4.901302337646484,
      "MAPE": 6.037710189819336
    }
  },
  "DCRNN": {
    "overall": {
      "MAE": 1.9023096561431885,
      "RMSE": 4.031042575836182,
      "MAPE": 4.355891227722168
    },
    "15min": {
      "MAE": 1.481785535812378,
      "RMSE": 2.9561386108398438,
      "MAPE": 3.175217390060425
    },
    "30min": {
      "MAE": 1.946154236793518,
      "RMSE": 4.051332473754883,
      "MAPE": 4.446474075317383
    },
    "60min": {
      "MAE": 2.49166202545166,
      "RMSE": 5.1366424560546875,
      "MAPE": 5.955873489379883
    }
  }
}