{
  "ARIMA": {
    "overall": {
      "MAE": 2.2759942748730926,
      "RMSE": 5.404860876417818,
      "MAPE": 4.983835631281868
    },
    "15min": {
      "MAE": 1.7342183547095693,
      "RMSE": 3.9617512833958277,
      "MAPE": 3.626861266889541
    },
    "30min": {
      "MAE": 2.2722475454726,
      "RMSE": 5.2491259890595785,
      "MAPE": 4.943789536238284
    },
    "60min": {
      "MAE": 3.095479205631926,
      "RMSE": 7.061953707106548,
      "MAPE": 7.025261249664731
    }
  },
  "RandomForest": {
    "overall": {
      "MAE": 2.11121055415687,
      "RMSE": 4.669030734738553,
      "MAPE": 4.99931605850451
    },
    "15min": {
      "MAE": 1.5466163005312423,
      "RMSE": 3.2392329646900304,
      "MAPE": 3.330407446520539
    },
    "30min": {
      "MAE": 2.1344424104822304,
      "RMSE": 4.633400088719509,
      "MAPE": 5.0171441154150145
    },
    "60min": {
      "MAE": 2.9137062879592746,
      "RMSE": 6.107651377438925,
      "MAPE": 7.318857528080841
    }
  },
  "LSTM": {
    "overall": {
      "MAE": 2.5749144554138184,
      "RMSE": 4.918677806854248,
      "MAPE": 5.954546928405762
    },
    "15min": {
      "MAE": 2.5200119018554688,
      "RMSE": 4.807188510894775,
      "MAPE": 5.857034683227539
    },
    "30min": {
      "MAE": 2.55340576171875,
      "RMSE": 4.879621505737305,
      "MAPE": 5.8993635177612305
    },
    "60min": {
      "MAE": 2.6835358142852783,
      "RMSE": 5.122981548309326,
      "MAPE": 6.170373916625977
    }
  }
}