{
  "DCRNN": {
    "overall": {
      "MAE": 1.9054144620895386,
      "RMSE": 4.025705814361572,
      "MAPE": 4.3717827796936035
    },
    "15min": {
      "MAE": 1.4717425107955933,
      "RMSE": 2.9490926265716553,
      "MAPE": 3.16322660446167
    },
    "30min": {
      "MAE": 1.9419480562210083,
      "RMSE": 4.0446953773498535,
      "MAPE": 4.441696643829346
    },
    "60min": {
      "MAE": 2.5184617042541504,
      "RMSE": 5.131543159484863,
      "MAPE": 6.041368007659912
    }
  }
}