{
  "Persistence": {
    "overall": {
      "MAE": 2.1695380210876465,
      "RMSE": 5.122645854949951,
      "MAPE": 4.670467376708984
    },
    "15min": {
      "MAE": 1.5913796424865723,
      "RMSE": 3.385495901107788,
      "MAPE": 3.2316129207611084
    },
    "30min": {
      "MAE": 2.1710994243621826,
      "RMSE": 4.946839809417725,
      "MAPE": 4.641556262969971
    },
    "60min": {
      "MAE": 3.0391509532928467,
      "RMSE": 6.982481479644775,
      "MAPE": 6.823836803436279
    }
  },
  "HistoricalAverage": {
    "overall": {
      "MAE": 3.5588513258161236,
      "RMSE": 6.82699378020328,
      "MAPE": 8.764697568944282
    },
    "15min": {
      "MAE": 3.558913341212128,
      "RMSE": 6.827107248865838,
      "MAPE": 8.764891373681028
    },
    "30min": {
      "MAE": 3.5588561094695517,
      "RMSE": 6.827040661310068,
      "MAPE": 8.764759339679777
    },
    "60min": {
      "MAE": 3.558728189759679,
      "RMSE": 6.8266613263482565,
      "MAPE": 8.764181267120524
    }
  },
  "ARIMA": {
    "overall": {
      "MAE": 2.294043451842871,
      "RMSE": 5.489339536566035,
      "MAPE": 4.997111315696561
    },
    "15min": {
      "MAE": 1.7471810527523242,
      "RMSE": 4.013083424685432,
      "MAPE": 3.650901663352487
    },
    "30min": {
      "MAE": 2.291934325684018,
      "RMSE": 5.328620026461908,
      "MAPE": 4.963482154733623
    },
    "60min": {
      "MAE": 3.11915717115394,
      "RMSE": 7.184017396625292,
      "MAPE": 7.01876803198772
    }
  },
  "RandomForest": {
    "overall": {
      "MAE": 2.1133426120766337,
      "RMSE": 4.665089632392076,
      "MAPE": 5.006719511996774
    },
    "15min": {
      "MAE": 1.5533573657695796,
      "RMSE": 3.251824830493207,
      "MAPE": 3.3803757305461613
    },
    "30min": {
      "MAE": 2.1344890302540516,
      "RMSE": 4.634550767550628,
      "MAPE": 5.033399840580696
    },
    "60min": {
      "MAE": 2.919990619730429,
      "RMSE": 6.0944403863472445,
      "MAPE": 7.309889195431437
    }
  },
  "LSTM": {
    "overall": {
      "MAE": 2.0708911418914795,
      "RMSE": 4.499743938446045,
      "MAPE": 4.9048004150390625
    },
    "15min": {
      "MAE": 1.522836446762085,
      "RMSE": 3.1096553802490234,
      "MAPE": 3.3179867267608643
    },
    "30min": {
      "MAE": 2.082470417022705,
      "RMSE": 4.4413652420043945,
      "MAPE": 4.895844459533691
    },
    "60min": {
      "MAE": 2.8638875484466553,
      "RMSE": 5.9343180656433105,
      "MAPE": 7.169744491577148
    }
  }
}